{
  "personCode": "055d",
  "name": " Starlin, Castro",
  "address": {
    "street": "1060 West Addison Street",
    "city": "Chicago",
    "state": "IL",
    "zip": "60613",
    "country": "USA"
  },
  "emails": [
    "scastro@cubs.com",
    "starlin_castro13@gmail.com"
  ]
}
{
  "personCode": "417b",
  "name": " C., Baker",
  "address": {
    "street": "123 N 1st Street",
    "city": "Omaha",
    "state": "NE",
    "zip": "68116",
    "country": "USA"
  },
  "emails": [
    "brock_f_sampson@gmail.com",
    "bsampson@venture.com"
  ]
}
{
  "personCode": "66cc",
  "name": " Peter, Davison",
  "address": {
    "street": "8753 West 3rd Ave.",
    "city": "Dallas",
    "state": "TX",
    "zip": "75001",
    "country": "USA"
  },
  "emails": [
    "obrien@ds9.com",
    "apples@enterprise.gov"
  ]
}
{
  "personCode": "3453",
  "name": " Miles, O\u0027Brien",
  "address": {
    "street": "123 Friendly Street",
    "city": "Ottawa",
    "state": "ON",
    "zip": "K1A 0G9",
    "country": "Canada"
  },
  "emails": [
    "famousdoc@who.com"
  ]
}
{
  "personCode": "bfg2",
  "name": " Gordon, Gekko",
  "address": {
    "street": "1 Wall Street",
    "city": "New York",
    "state": "NY",
    "zip": "10005-0012",
    "country": "USA"
  }
}
{
  "personCode": "432g",
  "name": " Bud, Fox",
  "address": {
    "street": "321 Bronx Street",
    "city": "New York",
    "state": "NY",
    "zip": "10004",
    "country": "USA"
  },
  "emails": [
    "bfox@gmail.com",
    "johnston@boring.net",
    "tbaker@cse.unl.edu"
  ]
}
{
  "personCode": "nb23",
  "name": " Dale, Sveum",
  "address": {
    "street": "1060 West Addison Street",
    "city": "Chicago",
    "state": "IL",
    "zip": "60613",
    "country": "USA"
  }
}
{
  "personCode": "432oe",
  "name": " William, Hartnell",
  "address": {
    "street": "1060 West Addison Street",
    "city": "Chicago",
    "state": "IL",
    "zip": "60613",
    "country": "USA"
  },
  "emails": [
    "whartnell@doctors.com",
    "sr@who.com"
  ]
}
{
  "personCode": "og43b",
  "name": " Patrick, Troughton",
  "address": {
    "street": "1 E 161st St",
    "city": " Bronx",
    "state": " NY",
    "zip": "10451",
    "country": "USA"
  }
}
{
  "personCode": "yza7",
  "name": " John, Smith",
  "address": {
    "street": "13 Christmas Ave",
    "city": " Surprise",
    "state": "OH",
    "zip": " 15555",
    "country": "USA"
  },
  "emails": [
    "bananas@gmail.com"
  ]
}
{
  "personCode": "432ob",
  "name": " Jon, Pertwee",
  "address": {
    "street": "301 Front St W",
    "city": " Toronto",
    "state": " ON",
    "zip": " M5V 2T6",
    "country": " Canada"
  },
  "emails": [
    "jpet@whofan.com"
  ]
}
{
  "personCode": "342",
  "name": "Tom, Baker",
  "address": {
    "street": "1 Blue Jays Way",
    "city": " Toronto",
    "state": " ON",
    "zip": " M5V 1J1",
    "country": " Canada"
  },
  "emails": [
    "mostfamous@whovian.com",
    "thedoctor@bbc.com"
  ]
}
{
  "personCode": "7epb",
  "name": " Richard, Hurndall",
  "address": {
    "street": "Campos El290",
    "city": "Mexico City",
    "state": " FD",
    "zip": "",
    "country": " Mexico"
  },
  "emails": [
    "json@cse.unl.edu",
    "richard@unl.edu"
  ]
}
{
  "personCode": "432es",
  "name": " Brock, Sampson",
  "address": {
    "street": "Avery Hall",
    "city": "Lincoln",
    "state": "NE",
    "zip": "68503",
    "country": "USA"
  },
  "emails": [
    "dr@baker.com"
  ]
}
{
  "personCode": "2twoes",
  "name": "Sylvester, McCoy",
  "address": {
    "street": "126-01 Roosevelt Ave",
    "city": " Flushing",
    "state": " NY",
    "zip": "11368",
    "country": "USA"
  },
  "emails": [
    "cherryies@hotmail.com",
    "mccoy@whofan.com"
  ]
}
{
  "personCode": "2342tu",
  "name": " Paul, McGann",
  "address": {
    "street": "1 MetLife Stadium Dr",
    "city": " East Rutherford",
    "state": " NJ",
    "zip": "07073",
    "country": "USA"
  },
  "emails": [
    "pmcgann@mlb.com",
    "foo@bar.com",
    "pmc@unl.edu"
  ]
}
{
  "personCode": "oxepd2",
  "name": " Chris, Eccleston",
  "address": {
    "street": "1060 West Addison Street",
    "city": "Chicago",
    "state": "IL",
    "zip": "60613",
    "country": "USA"
  },
  "emails": [
    "newguy@whovian.com"
  ]
}
{
  "personCode": "3oecdtue",
  "name": " David, Tennant",
  "address": {
    "street": "700 E Grand Ave",
    "city": " Chicago",
    "state": " IL",
    "zip": " 60611",
    "country": "USA"
  },
  "emails": [
    "actor@shakespeare.com",
    "tdavid@unl.edu"
  ]
}
{
  "personCode": "xseepb",
  "name": " Matt, Smith",
  "address": {
    "street": "333 W 35th St",
    "city": " Chicago",
    "state": " IL",
    "zip": "60616",
    "country": "USA"
  },
  "emails": [
    "kardash@who.com",
    "thedoc@cse.unl.edu"
  ]
}
{
  "personCode": "ccdibs",
  "name": " Kaylee, Ehrmantraut",
  "address": {
    "street": "800 West 7th Street",
    "city": " Albuquerque",
    "state": " NM",
    "zip": " 87105",
    "country": "USA"
  },
  "emails": [
    "sveum@cubs.com"
  ]
}
{
  "personCode": "epb16",
  "name": " Miles, O\u0027Brien",
  "address": {
    "street": "123 Cabo San Lucas",
    "city": " Los Cabos",
    "state": " BCS",
    "zip": "11111",
    "country": " Mexico"
  },
  "emails": [
    "ptroug@cse.unl.edu",
    "ptrou32@unl.edu"
  ]
}
