<?xml version="1.0" encoding="UTF-8" ?>
<person>
  <personCode>055d</personCode>
  <name> Starlin, Castro</name>
  <address>
    <street>1060 West Addison Street</street>
    <city>Chicago</city>
    <state>IL</state>
    <zip>60613</zip>
    <country>USA</country>
  </address>
  <emails>
    <email>scastro@cubs.com</email>
    <email>starlin_castro13@gmail.com</email>
  </emails>
</person>
<person>
  <personCode>417b</personCode>
  <name> C., Baker</name>
  <address>
    <street>123 N 1st Street</street>
    <city>Omaha</city>
    <state>NE</state>
    <zip>68116</zip>
    <country>USA</country>
  </address>
  <emails>
    <email>brock_f_sampson@gmail.com</email>
    <email>bsampson@venture.com</email>
  </emails>
</person>
<person>
  <personCode>66cc</personCode>
  <name> Peter, Davison</name>
  <address>
    <street>8753 West 3rd Ave.</street>
    <city>Dallas</city>
    <state>TX</state>
    <zip>75001</zip>
    <country>USA</country>
  </address>
  <emails>
    <email>obrien@ds9.com</email>
    <email>apples@enterprise.gov</email>
  </emails>
</person>
<person>
  <personCode>3453</personCode>
  <name> Miles, O&apos;Brien</name>
  <address>
    <street>123 Friendly Street</street>
    <city>Ottawa</city>
    <state>ON</state>
    <zip>K1A 0G9</zip>
    <country>Canada</country>
  </address>
  <emails>
    <email>famousdoc@who.com</email>
  </emails>
</person>
<person>
  <personCode>bfg2</personCode>
  <name> Gordon, Gekko</name>
  <address>
    <street>1 Wall Street</street>
    <city>New York</city>
    <state>NY</state>
    <zip>10005-0012</zip>
    <country>USA</country>
  </address>
</person>
<person>
  <personCode>432g</personCode>
  <name> Bud, Fox</name>
  <address>
    <street>321 Bronx Street</street>
    <city>New York</city>
    <state>NY</state>
    <zip>10004</zip>
    <country>USA</country>
  </address>
  <emails>
    <email>bfox@gmail.com</email>
    <email>johnston@boring.net</email>
    <email>tbaker@cse.unl.edu</email>
  </emails>
</person>
<person>
  <personCode>nb23</personCode>
  <name> Dale, Sveum</name>
  <address>
    <street>1060 West Addison Street</street>
    <city>Chicago</city>
    <state>IL</state>
    <zip>60613</zip>
    <country>USA</country>
  </address>
</person>
<person>
  <personCode>432oe</personCode>
  <name> William, Hartnell</name>
  <address>
    <street>1060 West Addison Street</street>
    <city>Chicago</city>
    <state>IL</state>
    <zip>60613</zip>
    <country>USA</country>
  </address>
  <emails>
    <email>whartnell@doctors.com</email>
    <email>sr@who.com</email>
  </emails>
</person>
<person>
  <personCode>og43b</personCode>
  <name> Patrick, Troughton</name>
  <address>
    <street>1 E 161st St</street>
    <city> Bronx</city>
    <state> NY</state>
    <zip>10451</zip>
    <country>USA</country>
  </address>
</person>
<person>
  <personCode>yza7</personCode>
  <name> John, Smith</name>
  <address>
    <street>13 Christmas Ave</street>
    <city> Surprise</city>
    <state>OH</state>
    <zip> 15555</zip>
    <country>USA</country>
  </address>
  <emails>
    <email>bananas@gmail.com</email>
  </emails>
</person>
<person>
  <personCode>432ob</personCode>
  <name> Jon, Pertwee</name>
  <address>
    <street>301 Front St W</street>
    <city> Toronto</city>
    <state> ON</state>
    <zip> M5V 2T6</zip>
    <country> Canada</country>
  </address>
  <emails>
    <email>jpet@whofan.com</email>
  </emails>
</person>
<person>
  <personCode>342</personCode>
  <name>Tom, Baker</name>
  <address>
    <street>1 Blue Jays Way</street>
    <city> Toronto</city>
    <state> ON</state>
    <zip> M5V 1J1</zip>
    <country> Canada</country>
  </address>
  <emails>
    <email>mostfamous@whovian.com</email>
    <email>thedoctor@bbc.com</email>
  </emails>
</person>
<person>
  <personCode>7epb</personCode>
  <name> Richard, Hurndall</name>
  <address>
    <street>Campos El290</street>
    <city>Mexico City</city>
    <state> FD</state>
    <zip></zip>
    <country> Mexico</country>
  </address>
  <emails>
    <email>json@cse.unl.edu</email>
    <email>richard@unl.edu</email>
  </emails>
</person>
<person>
  <personCode>432es</personCode>
  <name> Brock, Sampson</name>
  <address>
    <street>Avery Hall</street>
    <city>Lincoln</city>
    <state>NE</state>
    <zip>68503</zip>
    <country>USA</country>
  </address>
  <emails>
    <email>dr@baker.com</email>
  </emails>
</person>
<person>
  <personCode>2twoes</personCode>
  <name>Sylvester, McCoy</name>
  <address>
    <street>126-01 Roosevelt Ave</street>
    <city> Flushing</city>
    <state> NY</state>
    <zip>11368</zip>
    <country>USA</country>
  </address>
  <emails>
    <email>cherryies@hotmail.com</email>
    <email>mccoy@whofan.com</email>
  </emails>
</person>
<person>
  <personCode>2342tu</personCode>
  <name> Paul, McGann</name>
  <address>
    <street>1 MetLife Stadium Dr</street>
    <city> East Rutherford</city>
    <state> NJ</state>
    <zip>07073</zip>
    <country>USA</country>
  </address>
  <emails>
    <email>pmcgann@mlb.com</email>
    <email>foo@bar.com</email>
    <email>pmc@unl.edu</email>
  </emails>
</person>
<person>
  <personCode>oxepd2</personCode>
  <name> Chris, Eccleston</name>
  <address>
    <street>1060 West Addison Street</street>
    <city>Chicago</city>
    <state>IL</state>
    <zip>60613</zip>
    <country>USA</country>
  </address>
  <emails>
    <email>newguy@whovian.com</email>
  </emails>
</person>
<person>
  <personCode>3oecdtue</personCode>
  <name> David, Tennant</name>
  <address>
    <street>700 E Grand Ave</street>
    <city> Chicago</city>
    <state> IL</state>
    <zip> 60611</zip>
    <country>USA</country>
  </address>
  <emails>
    <email>actor@shakespeare.com</email>
    <email>tdavid@unl.edu</email>
  </emails>
</person>
<person>
  <personCode>xseepb</personCode>
  <name> Matt, Smith</name>
  <address>
    <street>333 W 35th St</street>
    <city> Chicago</city>
    <state> IL</state>
    <zip>60616</zip>
    <country>USA</country>
  </address>
  <emails>
    <email>kardash@who.com</email>
    <email>thedoc@cse.unl.edu</email>
  </emails>
</person>
<person>
  <personCode>ccdibs</personCode>
  <name> Kaylee, Ehrmantraut</name>
  <address>
    <street>800 West 7th Street</street>
    <city> Albuquerque</city>
    <state> NM</state>
    <zip> 87105</zip>
    <country>USA</country>
  </address>
  <emails>
    <email>sveum@cubs.com</email>
  </emails>
</person>
<person>
  <personCode>epb16</personCode>
  <name> Miles, O&apos;Brien</name>
  <address>
    <street>123 Cabo San Lucas</street>
    <city> Los Cabos</city>
    <state> BCS</state>
    <zip>11111</zip>
    <country> Mexico</country>
  </address>
  <emails>
    <email>ptroug@cse.unl.edu</email>
    <email>ptrou32@unl.edu</email>
  </emails>
</person>
