{
  "passName": "Winter Special",
  "startDate": "2016-12-13",
  "endDate": "2017-01-07",
  "productCode": "c30f",
  "productType": "S",
  "price": 120.0
}
{
  "name": "Coors Beer-20oz",
  "productCode": "gg34",
  "productType": "R",
  "price": 4.99
}
{
  "dateTime": "2016-11-10 10:00",
  "movieName": "IT",
  "address": {
    "street": "755 Willard Drive",
    "city": "Ashwaubenon",
    "state": " WI",
    "zip": " 54304",
    "country": " USA"
  },
  "screenNumber": "2A",
  "productCode": "gq23",
  "productType": "M",
  "price": 21.5
}
{
  "productCode": "01gb",
  "productType": "P",
  "price": 25.0
}
{
  "dateTime": "2016-09-13 15:30",
  "movieName": "The Wild Life",
  "address": {
    "street": "3555 South 140th Plaza",
    "city": "Omaha",
    "state": " NE",
    "zip": " 68144",
    "country": " USA"
  },
  "screenNumber": "12F",
  "productCode": "2340",
  "productType": "M",
  "price": 11.0
}
{
  "dateTime": "2016-10-21 13:10",
  "movieName": "Inside Out",
  "address": {
    "street": "6301 University Ave",
    "city": "Cedar Falls",
    "state": " IA",
    "zip": " 50613",
    "country": " USA"
  },
  "screenNumber": "32D",
  "productCode": "893h",
  "productType": "M",
  "price": 25.0
}
{
  "productCode": "4390",
  "productType": "P",
  "price": 55.0
}
{
  "passName": "SixWeeks-Unlimited",
  "startDate": "2016-11-07",
  "endDate": "2016-11-19",
  "productCode": "fpbp",
  "productType": "S",
  "price": 221.0
}
{
  "name": "Salted Popcorn",
  "productCode": "43g5",
  "productType": "R",
  "price": 5.5
}
{
  "passName": "BlackFriday Deal",
  "startDate": "2016-11-24",
  "endDate": "2016-11-29",
  "productCode": "4z03",
  "productType": "S",
  "price": 58.0
}
{
  "productCode": "01gc",
  "productType": "P",
  "price": 20.0
}
{
  "passName": "FiveWeeks-Unlimited",
  "startDate": "2016-10-07",
  "endDate": "2016-11-11",
  "productCode": "yfs5",
  "productType": "S",
  "price": 185.0
}
{
  "name": "Double Hamburger",
  "productCode": "zq34",
  "productType": "R",
  "price": 9.0
}
