<?xml version="1.0" encoding="UTF-8" ?>
<Customer>
  <customerCode>C001</customerCode>
  <type>G</type>
  <person>
    <personCode>342</personCode>
    <name>Tom, Baker</name>
    <address>
      <street>1 Blue Jays Way</street>
      <city> Toronto</city>
      <state> ON</state>
      <zip> M5V 1J1</zip>
      <country> Canada</country>
    </address>
    <emails>
      <email>mostfamous@whovian.com</email>
      <email>thedoctor@bbc.com</email>
    </emails>
  </person>
  <name>CAS International Fellows</name>
  <address>
    <street>259 Concorde Suites</street>
    <city>Lincoln</city>
    <state>NE</state>
    <zip>68588-0115</zip>
    <country>USA</country>
  </address>
</Customer>
<Customer>
  <customerCode>C002</customerCode>
  <type>S</type>
  <person>
    <personCode>055d</personCode>
    <name> Starlin, Castro</name>
    <address>
      <street>1060 West Addison Street</street>
      <city>Chicago</city>
      <state>IL</state>
      <zip>60613</zip>
      <country>USA</country>
    </address>
    <emails>
      <email>scastro@cubs.com</email>
      <email>starlin_castro13@gmail.com</email>
    </emails>
  </person>
  <name>UNL Services</name>
  <address>
    <street>1223 Oldfather Hall</street>
    <city>Lincoln</city>
    <state>NE</state>
    <zip>68503</zip>
    <country>USA</country>
  </address>
</Customer>
<Customer>
  <customerCode>C003</customerCode>
  <type>S</type>
  <person>
    <personCode>417b</personCode>
    <name> C., Baker</name>
    <address>
      <street>123 N 1st Street</street>
      <city>Omaha</city>
      <state>NE</state>
      <zip>68116</zip>
      <country>USA</country>
    </address>
    <emails>
      <email>brock_f_sampson@gmail.com</email>
      <email>bsampson@venture.com</email>
    </emails>
  </person>
  <name>Valueless Club</name>
  <address>
    <street>123 Venture Way</street>
    <city>Culver City</city>
    <state>CA</state>
    <zip>90230</zip>
    <country>USA</country>
  </address>
</Customer>
<Customer>
  <customerCode>C004</customerCode>
  <type>G</type>
  <person>
    <personCode>432g</personCode>
    <name> Bud, Fox</name>
    <address>
      <street>321 Bronx Street</street>
      <city>New York</city>
      <state>NY</state>
      <zip>10004</zip>
      <country>USA</country>
    </address>
    <emails>
      <email>bfox@gmail.com</email>
      <email>johnston@boring.net</email>
      <email>tbaker@cse.unl.edu</email>
    </emails>
  </person>
  <name>Gregory Smith</name>
  <address>
    <street>9800 Savage Rd</street>
    <city>Fort Meade</city>
    <state>MD</state>
    <zip>20755</zip>
    <country>USA</country>
  </address>
</Customer>
<Customer>
  <customerCode>C005</customerCode>
  <type>G</type>
  <name>Downtown Hallway</name>
  <address>
    <street> 16668 North Apple Street</street>
    <city>Denver</city>
    <state>CO</state>
    <zip>26447</zip>
    <country>USA</country>
  </address>
</Customer>
<Customer>
  <customerCode>C006</customerCode>
  <type>G</type>
  <person>
    <personCode>ccdibs</personCode>
    <name> Kaylee, Ehrmantraut</name>
    <address>
      <street>800 West 7th Street</street>
      <city> Albuquerque</city>
      <state> NM</state>
      <zip> 87105</zip>
      <country>USA</country>
    </address>
    <emails>
      <email>sveum@cubs.com</email>
    </emails>
  </person>
  <name>Hewlett Industries</name>
  <address>
    <street>1060 West Addison</street>
    <city>Chicago</city>
    <state>IL</state>
    <zip>60601</zip>
    <country>USA</country>
  </address>
</Customer>
<Customer>
  <customerCode>C007</customerCode>
  <type>S</type>
  <person>
    <personCode>432es</personCode>
    <name> Brock, Sampson</name>
    <address>
      <street>Avery Hall</street>
      <city>Lincoln</city>
      <state>NE</state>
      <zip>68503</zip>
      <country>USA</country>
    </address>
    <emails>
      <email>dr@baker.com</email>
    </emails>
  </person>
  <name>Stony Brook</name>
  <address>
    <street>456 West 7th St.</street>
    <city>Omaha</city>
    <state>NE</state>
    <zip>68500</zip>
    <country>USA</country>
  </address>
</Customer>
