{
  "passName": "Winter Special",
  "startDate": "2016-12-13",
  "endDate": "2017-01-07",
  "productCode": "b29e",
  "productType": "S",
  "price": 120.0
}
{
  "name": "Labatt Beer-20oz",
  "productCode": "ff23",
  "productType": "R",
  "price": 4.99
}
{
  "dateTime": "2016-10-21 13:10",
  "movieName": "A Monster Calls",
  "address": {
    "street": "3555 South 140th Plaza",
    "city": "Omaha",
    "state": " NE",
    "zip": " 68144",
    "country": " USA"
  },
  "screenNumber": "2A",
  "productCode": "fp12",
  "productType": "M",
  "price": 21.5
}
{
  "productCode": "90fa",
  "productType": "P",
  "price": 25.0
}
{
  "dateTime": "2016-09-13 15:30",
  "movieName": "The Wild Life",
  "address": {
    "street": "755 Willard Drive",
    "city": "Ashwaubenon",
    "state": " WI",
    "zip": " 54304",
    "country": " USA"
  },
  "screenNumber": "12F",
  "productCode": "1239",
  "productType": "M",
  "price": 11.0
}
{
  "dateTime": "2016-11-10 10:00",
  "movieName": "Shut In",
  "address": {
    "street": "6301 University Ave",
    "city": "Cedar Falls",
    "state": " IA",
    "zip": " 50613",
    "country": " USA"
  },
  "screenNumber": "32D",
  "productCode": "782g",
  "productType": "M",
  "price": 25.0
}
{
  "productCode": "3289",
  "productType": "P",
  "price": 55.0
}
{
  "name": "Caramel Popcorn",
  "productCode": "32f4",
  "productType": "R",
  "price": 5.5
}
{
  "passName": "BlackFriday Deal",
  "startDate": "2016-11-24",
  "endDate": "2016-11-29",
  "productCode": "3y92",
  "productType": "S",
  "price": 58.0
}
{
  "productCode": "90fb",
  "productType": "P",
  "price": 20.0
}
{
  "passName": "FiveWeeks-Unlimited",
  "startDate": "2016-10-07",
  "endDate": "2016-11-11",
  "productCode": "xer4",
  "productType": "S",
  "price": 185.0
}
{
  "name": "Double Cheeseburger",
  "productCode": "yp23",
  "productType": "R",
  "price": 9.0
}
